Workbook

Sheet Main
A1: Business | B1: Buyer | C1: Plant | D1: Plant Name | E1: Seller | F1: Material | G1: Column1 | H1: Deletion flag | I1: Description | J1: Specification | K1: Modify Date | L1: 12-08(Mon) | M1: 12-09(Tue) | N1: 12-10(Wed) | O1: 12-11(Thu) | P1: 12-12(Fri) | Q1: 12-13(Sat) | R1: 12-14(Sun) | S1: 12-15(Mon) | T1: 12-16(Tue) | U1: 12-17(Wed) | V1: 12-18(Thu) | W1: 12-19(Fri) | X1: 12-20(Sat) | Y1: 12-21(Sun) | Z1: 12-22(Mon) | AA1: Plant Key
A2: VD | B2: C5H3 | C2: P551 | D2: [SEHC]VD Plant | E2: DZ9M | F2: BN61-14200A | G2: OHAP75TFZ-19A | I2: BRACKET-PANEL TOP;75OHF,Al,NATURAL | K2: 2025.12.08 | L2: {=SUMIFS([1]!NAME1,[1]MAIN!$D:$D,Table1[[#This Row],[Column1]],[1]MAIN!$E:$E,Days!$AA$1)} -> 0 | M2: {=SUMIFS([1]!NAME2,[1]MAIN!$D:$D,Table1[[#This Row],[Column1]],[1]MAIN!$E:$E,Days!$AA$1)} -> 0 | N2: {=SUMIFS([1]!NAME3,[1]MAIN!$D:$D,Table1[[#This Row],[Column1]],[1]MAIN!$E:$E,Days!$AA$1)} -> 0 | O2: {=SUMIFS([1]!NAME4,[1]MAIN!$D:$D,Table1[[#This Row],[Column1]],[1]MAIN!$E:$E,Days!$AA$1)} -> 0 | P2: {=SUMIFS([1]!NAME5,[1]MAIN!$D:$D,Table1[[#This Row],[Column1]],[1]MAIN!$E:$E,Days!$AA$1)} -> 0 | Q2: {=SUMIFS([1]!NAME6,[1]MAIN!$D:$D,Table1[[#This Row],[Column1]],[1]MAIN!$E:$E,Days!$AA$1)} -> 0 | R2: {=SUMIFS([1]!NAME7,[1]MAIN!$D:$D,Table1[[#This Row],[Column1]],[1]MAIN!$E:$E,Days!$AA$1)} -> 0 | S2: {=SUMIFS([1]!NAME8,[1]MAIN!$D:$D,Table1[[#This Row],[Column1]],[1]MAIN!$E:$E,Days!$AA$1)} -> 0 | T2: {=SUMIFS([1]!NAME9,[1]MAIN!$D:$D,Table1[[#This Row],[Column1]],[1]MAIN!$E:$E,Days!$AA$1)} -> 0 | U2: {=SUMIFS([1]!NAME10,[1]MAIN!$D:$D,Table1[[#This Row],[Column1]],[1]MAIN!$E:$E,Days!$AA$1)} -> 0 | V2: {=SUMIFS([1]!NAME11,[1]MAIN!$D:$D,Table1[[#This Row],[Column1]],[1]MAIN!$E:$E,Days!$AA$1)} -> 0 | W2: {=SUMIFS([1]!NAME12,[1]MAIN!$D:$D,Table1[[#This Row],[Column1]],[1]MAIN!$E:$E,Days!$AA$1)} -> 0 | X2: {=SUMIFS([1]!NAME13,[1]MAIN!$D:$D,Table1[[#This Row],[Column1]],[1]MAIN!$E:$E,Days!$AA$1)} -> 0 | Y2: {=SUMIFS([1]!NAME14,[1]MAIN!$D:$D,Table1[[#This Row],[Column1]],[1]MAIN!$E:$E,Days!$AA$1)} -> 0 | Z2: {=SUMIFS([1]!NAME14,[1]MAIN!$D:$D,Table1[[#This Row],[Column1]],[1]MAIN!$E:$E,Days!$AA$1)} -> 0
A3: VD | B3: C5H3 | C3: P551 | D3: [SEHC]VD Plant | E3: DZ9M | F3: BN61-14303A | G3: OHAB75MFZ-19A | I3: BRACKET-MIDDLE;75OHF,Al,NATURAL | K3: 2025.12.08 | L3: {=SUMIFS([1]!NAME1,[1]MAIN!$D:$D,Table1[[#This Row],[Column1]],[1]MAIN!$E:$E,Days!$AA$1)} -> 0 | M3: {=SUMIFS([1]!NAME2,[1]MAIN!$D:$D,Table1[[#This Row],[Column1]],[1]MAIN!$E:$E,Days!$AA$1)} -> 0 | N3: {=SUMIFS([1]!NAME3,[1]MAIN!$D:$D,Table1[[#This Row],[Column1]],[1]MAIN!$E:$E,Days!$AA$1)} -> 0 | O3: {=SUMIFS([1]!NAME4,[1]MAIN!$D:$D,Table1[[#This Row],[Column1]],[1]MAIN!$E:$E,Days!$AA$1)} -> 0 | P3: {=SUMIFS([1]!NAME5,[1]MAIN!$D:$D,Table1[[#This Row],[Column1]],[1]MAIN!$E:$E,Days!$AA$1)} -> 0 | Q3: {=SUMIFS([1]!NAME6,[1]MAIN!$D:$D,Table1[[#This Row],[Column1]],[1]MAIN!$E:$E,Days!$AA$1)} -> 0 | R3: {=SUMIFS([1]!NAME7,[1]MAIN!$D:$D,Table1[[#This Row],[Column1]],[1]MAIN!$E:$E,Days!$AA$1)} -> 0 | S3: {=SUMIFS([1]!NAME8,[1]MAIN!$D:$D,Table1[[#This Row],[Column1]],[1]MAIN!$E:$E,Days!$AA$1)} -> 0 | T3: {=SUMIFS([1]!NAME9,[1]MAIN!$D:$D,Table1[[#This Row],[Column1]],[1]MAIN!$E:$E,Days!$AA$1)} -> 0 | U3: {=SUMIFS([1]!NAME10,[1]MAIN!$D:$D,Table1[[#This Row],[Column1]],[1]MAIN!$E:$E,Days!$AA$1)} -> 0 | V3: {=SUMIFS([1]!NAME11,[1]MAIN!$D:$D,Table1[[#This Row],[Column1]],[1]MAIN!$E:$E,Days!$AA$1)} -> 0 | W3: {=SUMIFS([1]!NAME12,[1]MAIN!$D:$D,Table1[[#This Row],[Column1]],[1]MAIN!$E:$E,Days!$AA$1)} -> 0 | X3: {=SUMIFS([1]!NAME13,[1]MAIN!$D:$D,Table1[[#This Row],[Column1]],[1]MAIN!$E:$E,Days!$AA$1)} -> 0 | Y3: {=SUMIFS([1]!NAME14,[1]MAIN!$D:$D,Table1[[#This Row],[Column1]],[1]MAIN!$E:$E,Days!$AA$1)} -> 0 | Z3: {=SUMIFS([1]!NAME14,[1]MAIN!$D:$D,Table1[[#This Row],[Column1]],[1]MAIN!$E:$E,Days!$AA$1)} -> 0
A4: VD | B4: C5H3 | C4: P551 | D4: [SEHC]VD Plant | E4: DZ9M | F4: BN61-17311A | G4: QMRB32BFB-19A | I4: BRACKET-REAR TOP;32QMR-T,Al,BLACK | K4: 2025.12.08 | L4: {=SUMIFS([1]!NAME1,[1]MAIN!$D:$D,Table1[[#This Row],[Column1]],[1]MAIN!$E:$E,Days!$AA$1)} -> 0 | M4: {=SUMIFS([1]!NAME2,[1]MAIN!$D:$D,Table1[[#This Row],[Column1]],[1]MAIN!$E:$E,Days!$AA$1)} -> 0 | N4: {=SUMIFS([1]!NAME3,[1]MAIN!$D:$D,Table1[[#This Row],[Column1]],[1]MAIN!$E:$E,Days!$AA$1)} -> 0 | O4: {=SUMIFS([1]!NAME4,[1]MAIN!$D:$D,Table1[[#This Row],[Column1]],[1]MAIN!$E:$E,Days!$AA$1)} -> 0 | P4: {=SUMIFS([1]!NAME5,[1]MAIN!$D:$D,Table1[[#This Row],[Column1]],[1]MAIN!$E:$E,Days!$AA$1)} -> 0 | Q4: {=SUMIFS([1]!NAME6,[1]MAIN!$D:$D,Table1[[#This Row],[Column1]],[1]MAIN!$E:$E,Days!$AA$1)} -> 0 | R4: {=SUMIFS([1]!NAME7,[1]MAIN!$D:$D,Table1[[#This Row],[Column1]],[1]MAIN!$E:$E,Days!$AA$1)} -> 0 | S4: {=SUMIFS([1]!NAME8,[1]MAIN!$D:$D,Table1[[#This Row],[Column1]],[1]MAIN!$E:$E,Days!$AA$1)} -> 0 | T4: {=SUMIFS([1]!NAME9,[1]MAIN!$D:$D,Table1[[#This Row],[Column1]],[1]MAIN!$E:$E,Days!$AA$1)} -> 0 | U4: {=SUMIFS([1]!NAME10,[1]MAIN!$D:$D,Table1[[#This Row],[Column1]],[1]MAIN!$E:$E,Days!$AA$1)} -> 0 | V4: {=SUMIFS([1]!NAME11,[1]MAIN!$D:$D,Table1[[#This Row],[Column1]],[1]MAIN!$E:$E,Days!$AA$1)} -> 0 | W4: {=SUMIFS([1]!NAME12,[1]MAIN!$D:$D,Table1[[#This Row],[Column1]],[1]MAIN!$E:$E,Days!$AA$1)} -> 0 | X4: {=SUMIFS([1]!NAME13,[1]MAIN!$D:$D,Table1[[#This Row],[Column1]],[1]MAIN!$E:$E,Days!$AA$1)} -> 0 | Y4: {=SUMIFS([1]!NAME14,[1]MAIN!$D:$D,Table1[[#This Row],[Column1]],[1]MAIN!$E:$E,Days!$AA$1)} -> 0 | Z4: {=SUMIFS([1]!NAME14,[1]MAIN!$D:$D,Table1[[#This Row],[Column1]],[1]MAIN!$E:$E,Days!$AA$1)} -> 0
A5: VD | B5: C5H3 | C5: P551 | D5: [SEHC]VD Plant | E5: DZ9M | F5: BN61-17314A | G5: QMRB43BFB-19A | I5: BRACKET-REAR TOP;43QMR-T,Al,BLACK | K5: 2025.12.08 | L5: {=SUMIFS([1]!NAME1,[1]MAIN!$D:$D,Table1[[#This Row],[Column1]],[1]MAIN!$E:$E,Days!$AA$1)} -> 1600 | M5: {=SUMIFS([1]!NAME2,[1]MAIN!$D:$D,Table1[[#This Row],[Column1]],[1]MAIN!$E:$E,Days!$AA$1)} -> 1600 | N5: {=SUMIFS([1]!NAME3,[1]MAIN!$D:$D,Table1[[#This Row],[Column1]],[1]MAIN!$E:$E,Days!$AA$1)} -> 1600 | O5: {=SUMIFS([1]!NAME4,[1]MAIN!$D:$D,Table1[[#This Row],[Column1]],[1]MAIN!$E:$E,Days!$AA$1)} -> 1300 | P5: {=SUMIFS([1]!NAME5,[1]MAIN!$D:$D,Table1[[#This Row],[Column1]],[1]MAIN!$E:$E,Days!$AA$1)} -> 0 | Q5: {=SUMIFS([1]!NAME6,[1]MAIN!$D:$D,Table1[[#This Row],[Column1]],[1]MAIN!$E:$E,Days!$AA$1)} -> 0 | R5: {=SUMIFS([1]!NAME7,[1]MAIN!$D:$D,Table1[[#This Row],[Column1]],[1]MAIN!$E:$E,Days!$AA$1)} -> 0 | S5: {=SUMIFS([1]!NAME8,[1]MAIN!$D:$D,Table1[[#This Row],[Column1]],[1]MAIN!$E:$E,Days!$AA$1)} -> 0 | T5: {=SUMIFS([1]!NAME9,[1]MAIN!$D:$D,Table1[[#This Row],[Column1]],[1]MAIN!$E:$E,Days!$AA$1)} -> 0 | U5: {=SUMIFS([1]!NAME10,[1]MAIN!$D:$D,Table1[[#This Row],[Column1]],[1]MAIN!$E:$E,Days!$AA$1)} -> 0 | V5: {=SUMIFS([1]!NAME11,[1]MAIN!$D:$D,Table1[[#This Row],[Column1]],[1]MAIN!$E:$E,Days!$AA$1)} -> 0 | W5: {=SUMIFS([1]!NAME12,[1]MAIN!$D:$D,Table1[[#This Row],[Column1]],[1]MAIN!$E:$E,Days!$AA$1)} -> 0 | X5: {=SUMIFS([1]!NAME13,[1]MAIN!$D:$D,Table1[[#This Row],[Column1]],[1]MAIN!$E:$E,Days!$AA$1)} -> 0 | Y5: {=SUMIFS([1]!NAME14,[1]MAIN!$D:$D,Table1[[#This Row],[Column1]],[1]MAIN!$E:$E,Days!$AA$1)} -> 0 | Z5: {=SUMIFS([1]!NAME14,[1]MAIN!$D:$D,Table1[[#This Row],[Column1]],[1]MAIN!$E:$E,Days!$AA$1)} -> 0
A6: VD | B6: C5H3 | C6: P551 | D6: [SEHC]VD Plant | E6: DZ9M | F6: BN61-17375A | G6: WMRB85TFB-19A | I6: BRACKET-REAR TOP;85WMR,Al,CHARCOAL BLACK | K6: 2025.12.08 | L6: {=SUMIFS([1]!NAME1,[1]MAIN!$D:$D,Table1[[#This Row],[Column1]],[1]MAIN!$E:$E,Days!$AA$1)} -> 0 | M6: {=SUMIFS([1]!NAME2,[1]MAIN!$D:$D,Table1[[#This Row],[Column1]],[1]MAIN!$E:$E,Days!$AA$1)} -> 960 | N6: {=SUMIFS([1]!NAME3,[1]MAIN!$D:$D,Table1[[#This Row],[Column1]],[1]MAIN!$E:$E,Days!$AA$1)} -> 960 | O6: {=SUMIFS([1]!NAME4,[1]MAIN!$D:$D,Table1[[#This Row],[Column1]],[1]MAIN!$E:$E,Days!$AA$1)} -> 580 | P6: {=SUMIFS([1]!NAME5,[1]MAIN!$D:$D,Table1[[#This Row],[Column1]],[1]MAIN!$E:$E,Days!$AA$1)} -> 0 | Q6: {=SUMIFS([1]!NAME6,[1]MAIN!$D:$D,Table1[[#This Row],[Column1]],[1]MAIN!$E:$E,Days!$AA$1)} -> 0 | R6: {=SUMIFS([1]!NAME7,[1]MAIN!$D:$D,Table1[[#This Row],[Column1]],[1]MAIN!$E:$E,Days!$AA$1)} -> 0 | S6: {=SUMIFS([1]!NAME8,[1]MAIN!$D:$D,Table1[[#This Row],[Column1]],[1]MAIN!$E:$E,Days!$AA$1)} -> 0 | T6: {=SUMIFS([1]!NAME9,[1]MAIN!$D:$D,Table1[[#This Row],[Column1]],[1]MAIN!$E:$E,Days!$AA$1)} -> 0 | U6: {=SUMIFS([1]!NAME10,[1]MAIN!$D:$D,Table1[[#This Row],[Column1]],[1]MAIN!$E:$E,Days!$AA$1)} -> 0 | V6: {=SUMIFS([1]!NAME11,[1]MAIN!$D:$D,Table1[[#This Row],[Column1]],[1]MAIN!$E:$E,Days!$AA$1)} -> 0 | W6: {=SUMIFS([1]!NAME12,[1]MAIN!$D:$D,Table1[[#This Row],[Column1]],[1]MAIN!$E:$E,Days!$AA$1)} -> 0 | X6: {=SUMIFS([1]!NAME13,[1]MAIN!$D:$D,Table1[[#This Row],[Column1]],[1]MAIN!$E:$E,Days!$AA$1)} -> 0 | Y6: {=SUMIFS([1]!NAME14,[1]MAIN!$D:$D,Table1[[#This Row],[Column1]],[1]MAIN!$E:$E,Days!$AA$1)} -> 0 | Z6: {=SUMIFS([1]!NAME14,[1]MAIN!$D:$D,Table1[[#This Row],[Column1]],[1]MAIN!$E:$E,Days!$AA$1)} -> 0
A7: VD | B7: C5H3 | C7: P551 | D7: [SEHC]VD Plant | E7: DZ9M | F7: BN61-17378B | G7: WMRB85BBB-19A | I7: BRACKET-REAR BOTTOM;85WMA,Al,CHARCOAL BL | K7: 2025.12.08 | L7: {=SUMIFS([1]!NAME1,[1]MAIN!$D:$D,Table1[[#This Row],[Column1]],[1]MAIN!$E:$E,Days!$AA$1)} -> 0 | M7: {=SUMIFS([1]!NAME2,[1]MAIN!$D:$D,Table1[[#This Row],[Column1]],[1]MAIN!$E:$E,Days!$AA$1)} -> 0 | N7: {=SUMIFS([1]!NAME3,[1]MAIN!$D:$D,Table1[[#This Row],[Column1]],[1]MAIN!$E:$E,Days!$AA$1)} -> 0 | O7: {=SUMIFS([1]!NAME4,[1]MAIN!$D:$D,Table1[[#This Row],[Column1]],[1]MAIN!$E:$E,Days!$AA$1)} -> 0 | P7: {=SUMIFS([1]!NAME5,[1]MAIN!$D:$D,Table1[[#This Row],[Column1]],[1]MAIN!$E:$E,Days!$AA$1)} -> 0 | Q7: {=SUMIFS([1]!NAME6,[1]MAIN!$D:$D,Table1[[#This Row],[Column1]],[1]MAIN!$E:$E,Days!$AA$1)} -> 0 | R7: {=SUMIFS([1]!NAME7,[1]MAIN!$D:$D,Table1[[#This Row],[Column1]],[1]MAIN!$E:$E,Days!$AA$1)} -> 0 | S7: {=SUMIFS([1]!NAME8,[1]MAIN!$D:$D,Table1[[#This Row],[Column1]],[1]MAIN!$E:$E,Days!$AA$1)} -> 0 | T7: {=SUMIFS([1]!NAME9,[1]MAIN!$D:$D,Table1[[#This Row],[Column1]],[1]MAIN!$E:$E,Days!$AA$1)} -> 0 | U7: {=SUMIFS([1]!NAME10,[1]MAIN!$D:$D,Table1[[#This Row],[Column1]],[1]MAIN!$E:$E,Days!$AA$1)} -> 0 | V7: {=SUMIFS([1]!NAME11,[1]MAIN!$D:$D,Table1[[#This Row],[Column1]],[1]MAIN!$E:$E,Days!$AA$1)} -> 0 | W7: {=SUMIFS([1]!NAME12,[1]MAIN!$D:$D,Table1[[#This Row],[Column1]],[1]MAIN!$E:$E,Days!$AA$1)} -> 0 | X7: {=SUMIFS([1]!NAME13,[1]MAIN!$D:$D,Table1[[#This Row],[Column1]],[1]MAIN!$E:$E,Days!$AA$1)} -> 0 | Y7: {=SUMIFS([1]!NAME14,[1]MAIN!$D:$D,Table1[[#This Row],[Column1]],[1]MAIN!$E:$E,Days!$AA$1)} -> 0 | Z7: {=SUMIFS([1]!NAME14,[1]MAIN!$D:$D,Table1[[#This Row],[Column1]],[1]MAIN!$E:$E,Days!$AA$1)} -> 0
A8: VD | B8: C5H3 | C8: P551 | D8: [SEHC]VD Plant | E8: DZ9M | F8: BN61-17384A | G8: WMRB85LFB-19A | I8: BRACKET-REAR LEFT RIGHT;85WMR,Al,CHARCOA | K8: 2025.12.08 | L8: {=SUMIFS([1]!NAME1,[1]MAIN!$D:$D,Table1[[#This Row],[Column1]],[1]MAIN!$E:$E,Days!$AA$1)} -> 0 | M8: {=SUMIFS([1]!NAME2,[1]MAIN!$D:$D,Table1[[#This Row],[Column1]],[1]MAIN!$E:$E,Days!$AA$1)} -> 0 | N8: {=SUMIFS([1]!NAME3,[1]MAIN!$D:$D,Table1[[#This Row],[Column1]],[1]MAIN!$E:$E,Days!$AA$1)} -> 0 | O8: {=SUMIFS([1]!NAME4,[1]MAIN!$D:$D,Table1[[#This Row],[Column1]],[1]MAIN!$E:$E,Days!$AA$1)} -> 0 | P8: {=SUMIFS([1]!NAME5,[1]MAIN!$D:$D,Table1[[#This Row],[Column1]],[1]MAIN!$E:$E,Days!$AA$1)} -> 0 | Q8: {=SUMIFS([1]!NAME6,[1]MAIN!$D:$D,Table1[[#This Row],[Column1]],[1]MAIN!$E:$E,Days!$AA$1)} -> 0 | R8: {=SUMIFS([1]!NAME7,[1]MAIN!$D:$D,Table1[[#This Row],[Column1]],[1]MAIN!$E:$E,Days!$AA$1)} -> 0 | S8: {=SUMIFS([1]!NAME8,[1]MAIN!$D:$D,Table1[[#This Row],[Column1]],[1]MAIN!$E:$E,Days!$AA$1)} -> 0 | T8: {=SUMIFS([1]!NAME9,[1]MAIN!$D:$D,Table1[[#This Row],[Column1]],[1]MAIN!$E:$E,Days!$AA$1)} -> 0 | U8: {=SUMIFS([1]!NAME10,[1]MAIN!$D:$D,Table1[[#This Row],[Column1]],[1]MAIN!$E:$E,Days!$AA$1)} -> 0 | V8: {=SUMIFS([1]!NAME11,[1]MAIN!$D:$D,Table1[[#This Row],[Column1]],[1]MAIN!$E:$E,Days!$AA$1)} -> 0 | W8: {=SUMIFS([1]!NAME12,[1]MAIN!$D:$D,Table1[[#This Row],[Column1]],[1]MAIN!$E:$E,Days!$AA$1)} -> 0 | X8: {=SUMIFS([1]!NAME13,[1]MAIN!$D:$D,Table1[[#This Row],[Column1]],[1]MAIN!$E:$E,Days!$AA$1)} -> 0 | Y8: {=SUMIFS([1]!NAME14,[1]MAIN!$D:$D,Table1[[#This Row],[Column1]],[1]MAIN!$E:$E,Days!$AA$1)} -> 0 | Z8: {=SUMIFS([1]!NAME14,[1]MAIN!$D:$D,Table1[[#This Row],[Column1]],[1]MAIN!$E:$E,Days!$AA$1)} -> 0
A9: VD | B9: C5H3 | C9: P551 | D9: [SEHC]VD Plant | E9: DZ9M | F9: BN61-17437A | G9: QMTB98TFZ-19A | I9: BRACKET-FRAME TOP;98QMT,Al,T2,NATURAL | K9: 2025.12.08 | L9: {=SUMIFS([1]!NAME1,[1]MAIN!$D:$D,Table1[[#This Row],[Column1]],[1]MAIN!$E:$E,Days!$AA$1)} -> 0 | M9: {=SUMIFS([1]!NAME2,[1]MAIN!$D:$D,Table1[[#This Row],[Column1]],[1]MAIN!$E:$E,Days!$AA$1)} -> 0 | N9: {=SUMIFS([1]!NAME3,[1]MAIN!$D:$D,Table1[[#This Row],[Column1]],[1]MAIN!$E:$E,Days!$AA$1)} -> 0 | O9: {=SUMIFS([1]!NAME4,[1]MAIN!$D:$D,Table1[[#This Row],[Column1]],[1]MAIN!$E:$E,Days!$AA$1)} -> 0 | P9: {=SUMIFS([1]!NAME5,[1]MAIN!$D:$D,Table1[[#This Row],[Column1]],[1]MAIN!$E:$E,Days!$AA$1)} -> 0 | Q9: {=SUMIFS([1]!NAME6,[1]MAIN!$D:$D,Table1[[#This Row],[Column1]],[1]MAIN!$E:$E,Days!$AA$1)} -> 0 | R9: {=SUMIFS([1]!NAME7,[1]MAIN!$D:$D,Table1[[#This Row],[Column1]],[1]MAIN!$E:$E,Days!$AA$1)} -> 0 | S9: {=SUMIFS([1]!NAME8,[1]MAIN!$D:$D,Table1[[#This Row],[Column1]],[1]MAIN!$E:$E,Days!$AA$1)} -> 0 | T9: {=SUMIFS([1]!NAME9,[1]MAIN!$D:$D,Table1[[#This Row],[Column1]],[1]MAIN!$E:$E,Days!$AA$1)} -> 0 | U9: {=SUMIFS([1]!NAME10,[1]MAIN!$D:$D,Table1[[#This Row],[Column1]],[1]MAIN!$E:$E,Days!$AA$1)} -> 0 | V9: {=SUMIFS([1]!NAME11,[1]MAIN!$D:$D,Table1[[#This Row],[Column1]],[1]MAIN!$E:$E,Days!$AA$1)} -> 0 | W9: {=SUMIFS([1]!NAME12,[1]MAIN!$D:$D,Table1[[#This Row],[Column1]],[1]MAIN!$E:$E,Days!$AA$1)} -> 0 | X9: {=SUMIFS([1]!NAME13,[1]MAIN!$D:$D,Table1[[#This Row],[Column1]],[1]MAIN!$E:$E,Days!$AA$1)} -> 0 | Y9: {=SUMIFS([1]!NAME14,[1]MAIN!$D:$D,Table1[[#This Row],[Column1]],[1]MAIN!$E:$E,Days!$AA$1)} -> 0 | Z9: {=SUMIFS([1]!NAME14,[1]MAIN!$D:$D,Table1[[#This Row],[Column1]],[1]MAIN!$E:$E,Days!$AA$1)} -> 0
A10: VD | B10: C5H3 | C10: P551 | D10: [SEHC]VD Plant | E10: DZ9M | F10: BN61-17438A | G10: QMTB98BFZ-19A | I10: BRACKET-FRAME BOTTOM;98QMT,Al,T2,NATURAL | K10: 2025.12.08 | L10: {=SUMIFS([1]!NAME1,[1]MAIN!$D:$D,Table1[[#This Row],[Column1]],[1]MAIN!$E:$E,Days!$AA$1)} -> 0 | M10: {=SUMIFS([1]!NAME2,[1]MAIN!$D:$D,Table1[[#This Row],[Column1]],[1]MAIN!$E:$E,Days!$AA$1)} -> 0 | N10: {=SUMIFS([1]!NAME3,[1]MAIN!$D:$D,Table1[[#This Row],[Column1]],[1]MAIN!$E:$E,Days!$AA$1)} -> 0 | O10: {=SUMIFS([1]!NAME4,[1]MAIN!$D:$D,Table1[[#This Row],[Column1]],[1]MAIN!$E:$E,Days!$AA$1)} -> 0 | P10: {=SUMIFS([1]!NAME5,[1]MAIN!$D:$D,Table1[[#This Row],[Column1]],[1]MAIN!$E:$E,Days!$AA$1)} -> 0 | Q10: {=SUMIFS([1]!NAME6,[1]MAIN!$D:$D,Table1[[#This Row],[Column1]],[1]MAIN!$E:$E,Days!$AA$1)} -> 0 | R10: {=SUMIFS([1]!NAME7,[1]MAIN!$D:$D,Table1[[#This Row],[Column1]],[1]MAIN!$E:$E,Days!$AA$1)} -> 0 | S10: {=SUMIFS([1]!NAME8,[1]MAIN!$D:$D,Table1[[#This Row],[Column1]],[1]MAIN!$E:$E,Days!$AA$1)} -> 0 | T10: {=SUMIFS([1]!NAME9,[1]MAIN!$D:$D,Table1[[#This Row],[Column1]],[1]MAIN!$E:$E,Days!$AA$1)} -> 0 | U10: {=SUMIFS([1]!NAME10,[1]MAIN!$D:$D,Table1[[#This Row],[Column1]],[1]MAIN!$E:$E,Days!$AA$1)} -> 0 | V10: {=SUMIFS([1]!NAME11,[1]MAIN!$D:$D,Table1[[#This Row],[Column1]],[1]MAIN!$E:$E,Days!$AA$1)} -> 0 | W10: {=SUMIFS([1]!NAME12,[1]MAIN!$D:$D,Table1[[#This Row],[Column1]],[1]MAIN!$E:$E,Days!$AA$1)} -> 0 | X10: {=SUMIFS([1]!NAME13,[1]MAIN!$D:$D,Table1[[#This Row],[Column1]],[1]MAIN!$E:$E,Days!$AA$1)} -> 0 | Y10: {=SUMIFS([1]!NAME14,[1]MAIN!$D:$D,Table1[[#This Row],[Column1]],[1]MAIN!$E:$E,Days!$AA$1)} -> 0 | Z10: {=SUMIFS([1]!NAME14,[1]MAIN!$D:$D,Table1[[#This Row],[Column1]],[1]MAIN!$E:$E,Days!$AA$1)} -> 0
A11: VD | B11: C5H3 | C11: P551 | D11: [SEHC]VD Plant | E11: DZ9M | F11: BN61-17438B | G11: QMTB98LFZ-19A | I11: BRACKET-FRAME LEFT RIGHT;98QMT,Al,T2,NAT | K11: 2025.12.08 | L11: {=SUMIFS([1]!NAME1,[1]MAIN!$D:$D,Table1[[#This Row],[Column1]],[1]MAIN!$E:$E,Days!$AA$1)} -> 0 | M11: {=SUMIFS([1]!NAME2,[1]MAIN!$D:$D,Table1[[#This Row],[Column1]],[1]MAIN!$E:$E,Days!$AA$1)} -> 0 | N11: {=SUMIFS([1]!NAME3,[1]MAIN!$D:$D,Table1[[#This Row],[Column1]],[1]MAIN!$E:$E,Days!$AA$1)} -> 0 | O11: {=SUMIFS([1]!NAME4,[1]MAIN!$D:$D,Table1[[#This Row],[Column1]],[1]MAIN!$E:$E,Days!$AA$1)} -> 0 | P11: {=SUMIFS([1]!NAME5,[1]MAIN!$D:$D,Table1[[#This Row],[Column1]],[1]MAIN!$E:$E,Days!$AA$1)} -> 0 | Q11: {=SUMIFS([1]!NAME6,[1]MAIN!$D:$D,Table1[[#This Row],[Column1]],[1]MAIN!$E:$E,Days!$AA$1)} -> 0 | R11: {=SUMIFS([1]!NAME7,[1]MAIN!$D:$D,Table1[[#This Row],[Column1]],[1]MAIN!$E:$E,Days!$AA$1)} -> 0 | S11: {=SUMIFS([1]!NAME8,[1]MAIN!$D:$D,Table1[[#This Row],[Column1]],[1]MAIN!$E:$E,Days!$AA$1)} -> 0 | T11: {=SUMIFS([1]!NAME9,[1]MAIN!$D:$D,Table1[[#This Row],[Column1]],[1]MAIN!$E:$E,Days!$AA$1)} -> 0 | U11: {=SUMIFS([1]!NAME10,[1]MAIN!$D:$D,Table1[[#This Row],[Column1]],[1]MAIN!$E:$E,Days!$AA$1)} -> 0 | V11: {=SUMIFS([1]!NAME11,[1]MAIN!$D:$D,Table1[[#This Row],[Column1]],[1]MAIN!$E:$E,Days!$AA$1)} -> 0 | W11: {=SUMIFS([1]!NAME12,[1]MAIN!$D:$D,Table1[[#This Row],[Column1]],[1]MAIN!$E:$E,Days!$AA$1)} -> 0 | X11: {=SUMIFS([1]!NAME13,[1]MAIN!$D:$D,Table1[[#This Row],[Column1]],[1]MAIN!$E:$E,Days!$AA$1)} -> 0 | Y11: {=SUMIFS([1]!NAME14,[1]MAIN!$D:$D,Table1[[#This Row],[Column1]],[1]MAIN!$E:$E,Days!$AA$1)} -> 0 | Z11: {=SUMIFS([1]!NAME14,[1]MAIN!$D:$D,Table1[[#This Row],[Column1]],[1]MAIN!$E:$E,Days!$AA$1)} -> 0
A12: VD | B12: C5H3 | C12: P551 | D12: [SEHC]VD Plant | E12: DZ9M | F12: BN61-17438C | G12: QMTB98BBZ-19A | I12: BRACKET-FRAME BOTTOM;98QMT,Al,T2,NATURAL | K12: 2025.12.08 | L12: {=SUMIFS([1]!NAME1,[1]MAIN!$D:$D,Table1[[#This Row],[Column1]],[1]MAIN!$E:$E,Days!$AA$1)} -> 0 | M12: {=SUMIFS([1]!NAME2,[1]MAIN!$D:$D,Table1[[#This Row],[Column1]],[1]MAIN!$E:$E,Days!$AA$1)} -> 0 | N12: {=SUMIFS([1]!NAME3,[1]MAIN!$D:$D,Table1[[#This Row],[Column1]],[1]MAIN!$E:$E,Days!$AA$1)} -> 0 | O12: {=SUMIFS([1]!NAME4,[1]MAIN!$D:$D,Table1[[#This Row],[Column1]],[1]MAIN!$E:$E,Days!$AA$1)} -> 0 | P12: {=SUMIFS([1]!NAME5,[1]MAIN!$D:$D,Table1[[#This Row],[Column1]],[1]MAIN!$E:$E,Days!$AA$1)} -> 0 | Q12: {=SUMIFS([1]!NAME6,[1]MAIN!$D:$D,Table1[[#This Row],[Column1]],[1]MAIN!$E:$E,Days!$AA$1)} -> 0 | R12: {=SUMIFS([1]!NAME7,[1]MAIN!$D:$D,Table1[[#This Row],[Column1]],[1]MAIN!$E:$E,Days!$AA$1)} -> 0 | S12: {=SUMIFS([1]!NAME8,[1]MAIN!$D:$D,Table1[[#This Row],[Column1]],[1]MAIN!$E:$E,Days!$AA$1)} -> 0 | T12: {=SUMIFS([1]!NAME9,[1]MAIN!$D:$D,Table1[[#This Row],[Column1]],[1]MAIN!$E:$E,Days!$AA$1)} -> 0 | U12: {=SUMIFS([1]!NAME10,[1]MAIN!$D:$D,Table1[[#This Row],[Column1]],[1]MAIN!$E:$E,Days!$AA$1)} -> 0 | V12: {=SUMIFS([1]!NAME11,[1]MAIN!$D:$D,Table1[[#This Row],[Column1]],[1]MAIN!$E:$E,Days!$AA$1)} -> 0 | W12: {=SUMIFS([1]!NAME12,[1]MAIN!$D:$D,Table1[[#This Row],[Column1]],[1]MAIN!$E:$E,Days!$AA$1)} -> 0 | X12: {=SUMIFS([1]!NAME13,[1]MAIN!$D:$D,Table1[[#This Row],[Column1]],[1]MAIN!$E:$E,Days!$AA$1)} -> 0 | Y12: {=SUMIFS([1]!NAME14,[1]MAIN!$D:$D,Table1[[#This Row],[Column1]],[1]MAIN!$E:$E,Days!$AA$1)} -> 0 | Z12: {=SUMIFS([1]!NAME14,[1]MAIN!$D:$D,Table1[[#This Row],[Column1]],[1]MAIN!$E:$E,Days!$AA$1)} -> 0
A13: VD | B13: C5H3 | C13: P551 | D13: [SEHC]VD Plant | E13: DZ9M | F13: BN61-18018A | G13: WMAB75BFB-19A | I13: BRACKET-REAR BOTTOM;75WMA,Al,CHARCOAL BL | K13: 2025.12.08 | L13: {=SUMIFS([1]!NAME1,[1]MAIN!$D:$D,Table1[[#This Row],[Column1]],[1]MAIN!$E:$E,Days!$AA$1)} -> 0 | M13: {=SUMIFS([1]!NAME2,[1]MAIN!$D:$D,Table1[[#This Row],[Column1]],[1]MAIN!$E:$E,Days!$AA$1)} -> 0 | N13: {=SUMIFS([1]!NAME3,[1]MAIN!$D:$D,Table1[[#This Row],[Column1]],[1]MAIN!$E:$E,Days!$AA$1)} -> 0 | O13: {=SUMIFS([1]!NAME4,[1]MAIN!$D:$D,Table1[[#This Row],[Column1]],[1]MAIN!$E:$E,Days!$AA$1)} -> 0 | P13: {=SUMIFS([1]!NAME5,[1]MAIN!$D:$D,Table1[[#This Row],[Column1]],[1]MAIN!$E:$E,Days!$AA$1)} -> 0 | Q13: {=SUMIFS([1]!NAME6,[1]MAIN!$D:$D,Table1[[#This Row],[Column1]],[1]MAIN!$E:$E,Days!$AA$1)} -> 0 | R13: {=SUMIFS([1]!NAME7,[1]MAIN!$D:$D,Table1[[#This Row],[Column1]],[1]MAIN!$E:$E,Days!$AA$1)} -> 0 | S13: {=SUMIFS([1]!NAME8,[1]MAIN!$D:$D,Table1[[#This Row],[Column1]],[1]MAIN!$E:$E,Days!$AA$1)} -> 0 | T13: {=SUMIFS([1]!NAME9,[1]MAIN!$D:$D,Table1[[#This Row],[Column1]],[1]MAIN!$E:$E,Days!$AA$1)} -> 0 | U13: {=SUMIFS([1]!NAME10,[1]MAIN!$D:$D,Table1[[#This Row],[Column1]],[1]MAIN!$E:$E,Days!$AA$1)} -> 0 | V13: {=SUMIFS([1]!NAME11,[1]MAIN!$D:$D,Table1[[#This Row],[Column1]],[1]MAIN!$E:$E,Days!$AA$1)} -> 0 | W13: {=SUMIFS([1]!NAME12,[1]MAIN!$D:$D,Table1[[#This Row],[Column1]],[1]MAIN!$E:$E,Days!$AA$1)} -> 0 | X13: {=SUMIFS([1]!NAME13,[1]MAIN!$D:$D,Table1[[#This Row],[Column1]],[1]MAIN!$E:$E,Days!$AA$1)} -> 0 | Y13: {=SUMIFS([1]!NAME14,[1]MAIN!$D:$D,Table1[[#This Row],[Column1]],[1]MAIN!$E:$E,Days!$AA$1)} -> 0 | Z13: {=SUMIFS([1]!NAME14,[1]MAIN!$D:$D,Table1[[#This Row],[Column1]],[1]MAIN!$E:$E,Days!$AA$1)} -> 0
... A106: VD | B106: C5H3 | C106: P551 | D106: [SEHC]VD Plant | E106: DZ9M | F106: VA82-01133A | G106: MTLD85TBG-19A | I106: A/S ASSY-COVER-DECORATION;Y23 Frame_Beze | K106: 2025.12.08 | L106: {=SUMIFS([1]!NAME1,[1]MAIN!$D:$D,Table1[[#This Row],[Column1]],[1]MAIN!$E:$E,Days!$AA$1)} -> 32 | M106: {=SUMIFS([1]!NAME2,[1]MAIN!$D:$D,Table1[[#This Row],[Column1]],[1]MAIN!$E:$E,Days!$AA$1)} -> 0 | N106: {=SUMIFS([1]!NAME3,[1]MAIN!$D:$D,Table1[[#This Row],[Column1]],[1]MAIN!$E:$E,Days!$AA$1)} -> 0 | O106: {=SUMIFS([1]!NAME4,[1]MAIN!$D:$D,Table1[[#This Row],[Column1]],[1]MAIN!$E:$E,Days!$AA$1)} -> 58 | P106: {=SUMIFS([1]!NAME5,[1]MAIN!$D:$D,Table1[[#This Row],[Column1]],[1]MAIN!$E:$E,Days!$AA$1)} -> 0 | Q106: {=SUMIFS([1]!NAME6,[1]MAIN!$D:$D,Table1[[#This Row],[Column1]],[1]MAIN!$E:$E,Days!$AA$1)} -> 0 | R106: {=SUMIFS([1]!NAME7,[1]MAIN!$D:$D,Table1[[#This Row],[Column1]],[1]MAIN!$E:$E,Days!$AA$1)} -> 0 | S106: {=SUMIFS([1]!NAME8,[1]MAIN!$D:$D,Table1[[#This Row],[Column1]],[1]MAIN!$E:$E,Days!$AA$1)} -> 0 | T106: {=SUMIFS([1]!NAME9,[1]MAIN!$D:$D,Table1[[#This Row],[Column1]],[1]MAIN!$E:$E,Days!$AA$1)} -> 0 | U106: {=SUMIFS([1]!NAME10,[1]MAIN!$D:$D,Table1[[#This Row],[Column1]],[1]MAIN!$E:$E,Days!$AA$1)} -> 0 | V106: {=SUMIFS([1]!NAME11,[1]MAIN!$D:$D,Table1[[#This Row],[Column1]],[1]MAIN!$E:$E,Days!$AA$1)} -> 0 | W106: {=SUMIFS([1]!NAME12,[1]MAIN!$D:$D,Table1[[#This Row],[Column1]],[1]MAIN!$E:$E,Days!$AA$1)} -> 0 | X106: {=SUMIFS([1]!NAME13,[1]MAIN!$D:$D,Table1[[#This Row],[Column1]],[1]MAIN!$E:$E,Days!$AA$1)} -> 0 | Y106: {=SUMIFS([1]!NAME14,[1]MAIN!$D:$D,Table1[[#This Row],[Column1]],[1]MAIN!$E:$E,Days!$AA$1)} -> 0 | Z106: {=SUMIFS([1]!NAME14,[1]MAIN!$D:$D,Table1[[#This Row],[Column1]],[1]MAIN!$E:$E,Days!$AA$1)} -> 0

Sheet Days
A1: GBM | B1: Buyer | C1: Buyer Plant | D1: Plant Name | E1: Seller | F1: Material | G1: Column1 | H1: Deletion flag | I1: Description | J1: Specification | K1: Modify Date | L1: =L3&L4 -> 12-08(Mon) | M1: =M3&M4 -> 12-09(Tue) | N1: =N3&N4 -> 12-10(Wed) | O1: =O3&O4 -> 12-11(Thu) | P1: =P3&P4 -> 12-12(Fri) | Q1: =Q3&Q4 -> 12-13(Sat) | R1: =R3&R4 -> 12-14(Sun) | S1: =S3&S4 -> 12-15(Mon) | ... Z1: =Z3&Z4 -> 12-22(Mon) | AA1: Assembly
L2: =TODAY() -> 45999 | M2: =DATE(YEAR($L$2),MONTH($L$2),DAY($L$2)+M$5) -> 46000 | N2: =DATE(YEAR($L$2),MONTH($L$2),DAY($L$2)+N$5) -> 46001 | O2: =DATE(YEAR($L$2),MONTH($L$2),DAY($L$2)+O$5) -> 46002 | P2: =DATE(YEAR($L$2),MONTH($L$2),DAY($L$2)+P$5) -> 46003 | Q2: =DATE(YEAR($L$2),MONTH($L$2),DAY($L$2)+Q$5) -> 46004 | R2: =DATE(YEAR($L$2),MONTH($L$2),DAY($L$2)+R$5) -> 46005 | S2: =DATE(YEAR($L$2),MONTH($L$2),DAY($L$2)+S$5) -> 46006 | T2: =DATE(YEAR($L$2),MONTH($L$2),DAY($L$2)+T$5) -> 46007 | ... Z2: =DATE(YEAR($L$2),MONTH($L$2),DAY($L$2)+Z$5) -> 46013
L3: =TEXT(L$2,"mm-dd") -> 12-08 | M3: =TEXT(M$2,"mm-dd") -> 12-09 | N3: =TEXT(N$2,"mm-dd") -> 12-10 | O3: =TEXT(O$2,"mm-dd") -> 12-11 | P3: =TEXT(P$2,"mm-dd") -> 12-12 | Q3: =TEXT(Q$2,"mm-dd") -> 12-13 | R3: =TEXT(R$2,"mm-dd") -> 12-14 | S3: =TEXT(S$2,"mm-dd") -> 12-15 | ... Z3: =TEXT(Z$2,"mm-dd") -> 12-22
L4: =CHOOSE(WEEKDAY(L$2),"(Sun)","(Mon)","(Tue)","(Wed)","(Thu)","(Fri)","(Sat)") -> (Mon) | M4: =CHOOSE(WEEKDAY(M$2),"(Sun)","(Mon)","(Tue)","(Wed)","(Thu)","(Fri)","(Sat)") -> (Tue) | N4: =CHOOSE(WEEKDAY(N$2),"(Sun)","(Mon)","(Tue)","(Wed)","(Thu)","(Fri)","(Sat)") -> (Wed) | O4: =CHOOSE(WEEKDAY(O$2),"(Sun)","(Mon)","(Tue)","(Wed)","(Thu)","(Fri)","(Sat)") -> (Thu) | P4: =CHOOSE(WEEKDAY(P$2),"(Sun)","(Mon)","(Tue)","(Wed)","(Thu)","(Fri)","(Sat)") -> (Fri) | Q4: =CHOOSE(WEEKDAY(Q$2),"(Sun)","(Mon)","(Tue)","(Wed)","(Thu)","(Fri)","(Sat)") -> (Sat) | R4: =CHOOSE(WEEKDAY(R$2),"(Sun)","(Mon)","(Tue)","(Wed)","(Thu)","(Fri)","(Sat)") -> (Sun) | S4: =CHOOSE(WEEKDAY(S$2),"(Sun)","(Mon)","(Tue)","(Wed)","(Thu)","(Fri)","(Sat)") -> (Mon) | ... Z4: =CHOOSE(WEEKDAY(Z$2),"(Sun)","(Mon)","(Tue)","(Wed)","(Thu)","(Fri)","(Sat)") -> (Mon)
M5: 1 | N5: =M5+1 -> 2 | O5: =N5+1 -> 3 | P5: =O5+1 -> 4 | Q5: =P5+1 -> 5 | R5: =Q5+1 -> 6 | S5: =R5+1 -> 7 | T5: =S5+1 -> 8 | U5: =T5+1 -> 9 | ... Z5: =Y5+1 -> 14
